title,duration_seconds,day_of_week,month,views_lifetime,subs_lifetime
Radio Layoffs Hit KNBR (Again) - Damon & Sam Betesh,5306.0,3,10,10666.0,45.0
Analysis: 49ers Lose To Lions In Disastrous Fashion With Brock Purdy Injury | Krueger & Bruce,5234.0,1,11,5617.0,5.0
"49ers Insider Matt Maiocco Talks Trades, QB Controversies, and Previews Tampa Bay",4611.0,1,9,5246.0,13.0
"49ers Analysis: Campbell Is A LOSER, Purdy TERRIBLE Pick, & Deebo Drops 49ers Last Hope",5875.0,4,11,4995.0,9.0
49ers Analysis: Embarrassing Late-Game Loss vs Dolphins Ends With Purdy Pick  | Krueger & Bruce,7007.0,0,11,4814.0,37.0
NFL Deadline LIVE: Will The 49ers Make A BIG Trade - FULL Reaction,14092.0,1,10,4626.0,19.0
49ers Offense & De'Vondre Campbell Quit Thursday Night,3291.0,4,11,4509.0,21.0
"49ers Waive Moody, Admit Defeat On Troubled Kicker",3859.0,3,8,4238.0,23.0
49ers Stun Football World By Beating Rams on TNF,5911.0,4,9,4214.0,3.0
49ers Analysis: How EMBARRASSING Was The (38-10) Loss To The Packers | Krueger & Bruce,6052.0,0,10,4190.0,6.0
49ers State of the Union. Matt Maiocco joins Damon,3708.0,1,11,4188.0,12.0
49ers Analysis: Bills PLOW Past 49ers (35-10) SPOILING Playoff Hopes | Krueger & Bruce,4381.0,0,11,4038.0,8.0
Frustrated with Aiyuk – This Can't Keep Happening. Damon & Lund,4619.0,2,5,3664.0,4.0
Mac Jones to 49ers - NFL Free Agency (Day 3),3201.0,3,2,3538.0,7.0
49ers Analysis: How BAD Was The 49ers (20-17) Loss To The Seahawks | Krueger & Bruce,6035.0,0,10,3466.0,9.0
LIVE Reaction 49ers vs Seahawks - Postgame Show,7228.0,0,8,3449.0,2.0
49ers Should’ve Traded Jauan Jennings a Month Ago,4161.0,4,7,3413.0,10.0
49ers Rookies Report To Training Camp,3262.0,2,6,3409.0,21.0
49ERS ROSTER BOMBSHELL?,4789.0,0,7,3373.0,19.0
49ers Sign Brock Purdy - Damon & Sammy,4844.0,5,4,3283.0,7.0
49ers Survive Saints Thriller! Mac Jones Leads Short-Handed SF,6105.0,0,8,3256.0,4.0
Is Mac Jones Prepared To Lead The 49ers To A Win In New Orleans?,3799.0,4,8,3226.0,10.0
Instant Reaction: Warriors vs Timberwolves - GAME 5 | Postgame Show With Larry Krueger,8412.0,3,4,3183.0,0.0
Want Bill Belichick In SF?,3130.0,1,10,3080.0,5.0
Cowboys Trade Micah Parsons To Packers,2023.0,3,7,3035.0,0.0
What We Learned From 49ers OTAs - McCaffrey Lost A Step? - Cowing Improved - Purdy Locked-In,3713.0,5,4,3034.0,6.0
49ers Report: Brock Purdy Is Seeking TOP Of The Market Money | Krueger & Bruce,5866.0,0,11,3032.0,3.0
49ers Got A Back Up Plan - Damon & Dieter Kurtenbach,3559.0,3,2,2982.0,9.0
"49ers Analysis: Purdy-Kittle Connection, Guerendo Excites & D-Line's 7 Sacks! | Krueger & Bruce",6133.0,0,11,2933.0,2.0
Dan Campbell & the Lions Want Revenge: Can the 49ers Stop Them? | Krueger & Bruce,5976.0,4,11,2889.0,6.0
OFFICIAL: NFL Week 1 IS HERE | Brock Purdy & 49ers vs Seahawks + Top Matchups,3966.0,2,8,2836.0,4.0
Darnold's Rough Night Cost Him Millions,3766.0,1,0,2827.0,11.0
49ers End Season with a Defensive Collapse in Final Game vs. Cardinals | Krueger & Bruce,5534.0,0,0,2823.0,4.0
Jimmy Butler Working For Warriors - Immediate Impact,3627.0,1,1,2789.0,12.0
49ers: Brock Purdy Overcomes TERRIBLE Special Teams In Victory Over Bucs | Krueger & Bruce,5909.0,0,10,2775.0,3.0
49ers Are 3-0… WITH BACKUPS EVERYWHERE!,6226.0,0,8,2771.0,1.0
49ers Getting Better By The Minute - Damon & Steph Sanchez,2998.0,2,5,2760.0,7.0
Are You Kidding Me?! Purdy Might Miss Weeks?,3638.0,3,8,2749.0,9.0
49ers Stomped In Green Bay,2508.0,0,10,2729.0,8.0
49ers (4-1) Shock Rams in OT!,5810.0,5,9,2708.0,6.0
49ers Rethink The Franchise,3678.0,3,0,2704.0,3.0
Brock Purdy Bring Out The Dumbest In Sports Media - Damon & Sammy,5990.0,3,4,2702.0,6.0
49ers Super Bowl Window Is Alive & Well - Damon & Sammy,5556.0,3,4,2665.0,10.0
49ers - Saints: Can Mac Jones Lead SF To Victory Without Brock Purdy?,4961.0,4,8,2622.0,0.0
49ers Rookie Class Already Making Noise in Santa Clara,3890.0,1,6,2580.0,17.0
49ers Offseason - Who Stays? Who's Out?,4012.0,1,0,2577.0,3.0
"Falcons Loaded, 49ers Limping — But Don’t Count San Francisco Out",3115.0,5,9,2564.0,1.0
Brock Purdy: Biggest Contract In 49ers History - Full Breakdown | Krueger & Bruce,6502.0,6,4,2534.0,2.0
49ers Hop Right Back Into The Game Of The Week!,5610.0,0,9,2533.0,5.0
Warriors Lose Looney - Bonta Hill joins Damon,3390.0,2,6,2532.0,1.0
49ers Analysis: How The 49ers Improved Their Offense & Defense In The Draft...,4506.0,0,3,2524.0,2.0
Ex-NFL Assistant Makes Bold Prediction About 49ers Kyle Shanahan’s Legacy | Krueger & Bruce,5927.0,2,0,2504.0,2.0
Why the 2025 49ers Should Get You Excited,3925.0,3,4,2492.0,8.0
49ers Still Headed for 4-0 vs Jaguars Despite Bosa Injury News,4214.0,2,8,2481.0,1.0
49ers Blow Game (Possibly Season) vs. Seattle,3029.0,0,10,2468.0,6.0
"49ers vs. Rams - ""Must Win"" For San Francisco",3185.0,3,11,2422.0,9.0
49ers OTA's Open Today,3091.0,1,4,2382.0,7.0
FIRST Preview: 49ers vs Bills - Can The 49ers Win In Freezing COLD? | Krueger & Bruce,5308.0,2,10,2373.0,3.0
The 49ers Are READY for 2025!,6505.0,4,6,2365.0,10.0
"49ers Rookies That SHINED, Bryce Huff and New Faces + Brock Purdy | Krueger & Bruce",6476.0,4,5,2337.0,6.0
49ers Players See Stock Rise After Trip To Vegas,4316.0,0,7,2303.0,18.0
The First 53 49ers On The Field,4538.0,1,7,2284.0,10.0
NFL'S Week One Is Here! 49ers vs. Seattle,3830.0,1,8,2265.0,6.0
49ers Head To Tampa For BIGGEST GAME of Week Six,5715.0,4,9,2239.0,1.0
49ers vs Cardinals - What Will We Learn In The Season FINALE | Krueger & Bruce,5904.0,4,0,2238.0,4.0
"48 Hour 'Till 49ers Season Begins, or Ends",2368.0,1,11,2237.0,8.0
49ers Aren’t Waiting — D-Line Help Is On the Way,4074.0,2,9,2229.0,9.0
Bosa Knew The 49ers Had A Problem.,2035.0,2,11,2224.0,2.0
NFL Wild Card Weekend  & 49ers Brock Purdy—What Truly Matters in a QB? | Krueger & Bruce,5591.0,0,0,2218.0,2.0
The Championship Round Is Set - What Can The 49ers Learn From The Winners?,7977.0,0,0,2204.0,2.0
Ricky Pearsall Is HUGE / BAD Bosa News Drops,3957.0,0,8,2187.0,5.0
"Cardinals Are Next, Christian McCaffrey's Favorite!",3959.0,5,8,2183.0,2.0
Has 49ers Extreme Make Over Gone Too Far?,2816.0,0,2,2176.0,8.0
49ers Can’t Replace Nick Bosa… But Here’s What They Must Do,2654.0,2,8,2175.0,4.0
49ers - Lions Game Day Preview - Who Will Win? | Krueger & Bruce,5979.0,0,11,2167.0,1.0
Warriors Secure 7th Seed vs. Rockets - Warriors Weekly,3119.0,2,3,2120.0,5.0
49ers Mandatory Camp Is Go Time!,3681.0,1,5,2101.0,8.0
"What We Learned From 49ers' Joint Practice: Purdy to Kittle is MONEY, Trent-Less O-Line Struggles",5621.0,5,7,2101.0,3.0
Shanahan & Lynch Begin 49ers Training Camp,3201.0,1,6,2082.0,7.0
A Recharged Kyle Shanahan Is Bad News for the NFL,6360.0,4,6,2074.0,3.0
When Kyle Shanahan Dropped the Truth,6507.0,3,7,2073.0,4.0
Former 49ers QB Career Could Be Finished,2901.0,0,2,2064.0,4.0
The 49ers Move On From Nick Sorensen – Who Will Replace Him? | Krueger & Bruce,2858.0,2,0,2060.0,2.0
49ers RUNNING Around Their Biggest Issue,3511.0,3,9,2057.0,2.0
49ers Dance With Seattle (Again),5133.0,2,10,2056.0,9.0
BREAKING: 49ers SIGN Marquez Valdez-Scantling,5676.0,2,7,2050.0,2.0
Brock Purdy Can Feel Mac Jones in His Rearview…,6209.0,3,8,2009.0,-2.0
Cowboys Doc on Netflix Accidentally Turned Into 49ers Nostalgia,3063.0,2,7,1982.0,2.0
Warriors Survive Game 7 in Houston,2882.0,1,4,1963.0,2.0
PREDICTION: Can The 49ers Stay Alive And Beat The Rams? | Krueger & Bruce,5914.0,3,11,1928.0,3.0
Warriors All But Dead After GM4 Loss,2948.0,1,4,1916.0,12.0
49ers Update: Insider Says Brock Purdy Wants Dak Prescott Money – 60 Million?!,4812.0,4,2,1915.0,2.0
How The 49ers Should Start Rebuilding For Their 2025 Season... | Krueger & Bruce,5450.0,4,0,1914.0,0.0
Ugly 49ers Preseason Loss Raises Big Questions,5520.0,0,7,1913.0,7.0
49ers News: Purdy's Connection With Cowing & Pearsall - Big Trust In Brendel? - Mac Jones and More!,5997.0,5,5,1912.0,2.0
49ers Improve Major Weakness,3382.0,2,2,1908.0,2.0
Will The 49ers BEAT The Bears And Keep The Season Alive | Krueger & Bruce,5192.0,4,11,1893.0,0.0
49ers 2025 Schedule - The Final Puzzle Piece of 2025,2757.0,2,4,1886.0,4.0
FIRST Preview: 49ers vs Bears - Can Brock Purdy Out Duel The Chosen One | Krueger & Bruce,4623.0,2,11,1881.0,0.0
49ers WR Jauan Jennings Wants A New Deal - I Don't Blame Him,3444.0,1,6,1879.0,5.0
49ers Enter 2025 A Better Football Team - Guy Haberman join Damon,4251.0,1,4,1866.0,6.0
The Warriors Got Vibes,3171.0,2,1,1862.0,9.0
49ers Roll Into LA — Deep in the Depth Chart,3866.0,2,9,1854.0,2.0
Rivalry Uniforms Drop - What Did We Learn From Preseason? Damon & Sammy,5120.0,3,7,1852.0,0.0
49ers Shocking Draft Rumor at #11,3484.0,2,3,1852.0,5.0
ADVERSITY: Can The 49ers Win WITHOUT Brock Purdy And Key 49ers? | Krueger & Bruce,4926.0,5,10,1843.0,2.0
49ers Re-sign Their Leadership Core,2734.0,1,4,1841.0,5.0
The Skyy Moore Trade Left Me Disappointed in the 49ers - Damon & Sammy,5778.0,3,7,1840.0,0.0
"NFL Draft Trade Rumors: The Ripple Effect On The 49ers - Sanders, Warren, and More!",4385.0,5,3,1838.0,0.0
Full Pads Monday: 49ers Camp Is About to Get VIOLENT,3698.0,5,6,1826.0,1.0
NFL Source Skeptical of 49ers Extending Brock Purdy - Damon & Sammy,7150.0,3,3,1821.0,1.0
Brock Purdy Is 49ers to the Core - Damon & Sammy,5551.0,4,6,1812.0,4.0
Warriors In Critical GM 4 vs. Timberwolves,2977.0,1,4,1803.0,6.0
"Big Dreams, Raw Rookies: 49ers Walking a Fine Line in 2025",3226.0,0,7,1801.0,3.0
49ers Underdogs For First Time in 2024,3773.0,1,10,1799.0,3.0
Terrible End To Terrible 49ers Season,2444.0,0,0,1790.0,0.0
49ers Aren't As Bad As You Think - Merry Christmas,3812.0,3,11,1774.0,3.0
Purdy May Be Ready For Jacksonville,7040.0,3,8,1769.0,2.0
Round 2: Shanahan & Saleh — But For How Long,6043.0,1,7,1764.0,7.0
49ers Aftermath - How Far Can They Go Without Fred Warner?,4026.0,1,9,1760.0,2.0
The Eagles Super Bowl Blueprint – What the 49ers MUST Learn to Win It All!,5745.0,0,1,1760.0,3.0
"For Once, the Football Gods Are on the 49ers’ Side",3621.0,0,9,1756.0,4.0
49ers Season On The Brink,5190.0,3,10,1750.0,2.0
The 49ers Have to Flip the Switch FAST — Rams on TNF,4159.0,2,9,1742.0,6.0
REPORT: Gabe Davis Flies to Meet 49ers – Will SF Add the Deep Threat?,5891.0,1,4,1731.0,0.0
"49ers LATEST News - Brock Purdy Contract, The Tush-Push, Deommodore Lenoir Wins Award",5964.0,4,4,1729.0,3.0
49ers Defense Just Can’t Catch a Break — Bryce Huff Out 2 Weeks,3782.0,1,9,1728.0,4.0
"Warriors Lost Curry, But Won In Minnesota - Damon & Cyrus",6717.0,2,4,1723.0,4.0
"49ers Punt On Deadline Trade, Not The  Season",2475.0,2,10,1722.0,7.0
"49ers vs Seahawks: No More Talk, Just Football",2526.0,5,8,1719.0,2.0
49ers Front Office Should Still Be Thinking Big,3245.0,0,9,1714.0,3.0
FIRST Preview: 49ers vs Packers - Will Purdy Beat Love? | Krueger & Bruce,5665.0,3,10,1711.0,2.0
49ers Must End 2024 The Right Way,2692.0,0,11,1709.0,7.0
"49ers NFL Owners Meeting: John Lynch & Jed York Address Brock Purdy, Brandon Aiyuk, And Spending...",6441.0,1,3,1696.0,2.0
49ers Training Camp Should Include EVERYONE,3699.0,1,4,1693.0,7.0
Can Steph Curry End Houston In Game 5 - Warriors Weekly,3577.0,2,3,1683.0,11.0
49ers - Major Changes In Free Agency,3021.0,1,2,1683.0,2.0
"49ers Have A Big Seed, Possible Big Trade Up Next",3324.0,6,9,1671.0,2.0
49ers vs. Seahawks: The Key Matchups That Will Decide the Game,3317.0,2,8,1669.0,2.0
Why the Deebo Samuel Saga with the 49ers Is Likely Ending in a Release,6065.0,3,1,1658.0,4.0
The 49ers Sign Deommodore Lenoir To A 5-Year 92 Million Dollar Deal | Krueger & Bruce,4124.0,3,10,1648.0,5.0
"Shanahan, Purdy or Mykel? 49ers With The MOST To PROVE In 2025! - Krueger & Bruce",6768.0,1,5,1648.0,3.0
BREAKING: Brock Purdy No Trade Clause + Timeline & Fred Warner Close To Signing,5621.0,0,4,1641.0,2.0
REPORT: The 49ers Got Offered A 2nd Round Pick For George Kittle & Declined,5623.0,5,4,1637.0,4.0
49ers 10% Sale Will Reset NFL Franchise's Worth,4032.0,4,1,1635.0,3.0
Bill Belichick's Girl Is Suspect (At Best) - Damon & Sammy,5623.0,4,4,1634.0,-1.0
"Deadlines, Headlines, And Moves That Need To Happen - Damon & Lund",5373.0,5,7,1613.0,5.0
"49ers SIGN MVS, Search Scrap Heap For Help.",4968.0,2,7,1608.0,3.0
Don’t Ask Too Much of Mac Jones - Ethan Strauss joins Damon,4862.0,2,8,1604.0,-1.0
Steph Curry Gets WORST Whistle In NBA History,2675.0,4,1,1598.0,8.0
Purdy's Contract - What's The Big Deal?,3502.0,5,2,1586.0,7.0
Aiyuk Trade: Will The 49ers Move On From Their Top Wide Receiver?,6226.0,0,2,1565.0,4.0
NFL Free Agency Begins!,3374.0,0,2,1558.0,2.0
"Are the 49ers Missing One More Weapon at WR? Gabe Davis, Tyreek Hill Talk | Krueger & Bruce",5013.0,1,5,1555.0,0.0
George Kittle's Return is HUGE for 49ers,4915.0,5,9,1551.0,1.0
Jimmy Butler's Warriors Turnaround - Warriors Weekly w/ Damon & Cyrus,3462.0,3,2,1551.0,7.0
Super Bowl Shocker For the Ages,2853.0,0,1,1551.0,3.0
"49ers REVIEW: Who Stood Out At Training Camp? - Nick Martin, CJ West, Corey Kiner, Guerendo...",5645.0,1,6,1548.0,3.0
49ers Rebuild - Kyle Posey joins Damon,3165.0,5,0,1545.0,4.0
Mac Jones Shines In 49ers 2nd Win,4082.0,0,8,1545.0,4.0
49ers Catch FANTASTIC Schedule For Success - Damon & Sammy,6378.0,4,4,1543.0,1.0
Warriors Win - Bully Bucks - W's Weekly w Damon & Cyrus,5328.0,3,2,1525.0,3.0
Robert Saleh Is Favorite For Jaguar HC Job–Who Will Be The 49ers Next Defensive Coordinator?,5685.0,3,0,1522.0,-1.0
Faithful or Fickle? 49ers Fanbase Faces Its Ultimate Test,2873.0,5,8,1521.0,2.0
Are The 49ers Closing In A Contract With Brock Purdy? | Krueger & Bruce,6265.0,1,4,1507.0,2.0
The Super Bowl Is Set Chiefs vs Eagles – Can The 49ers Learn From Their Success?,6019.0,0,0,1502.0,0.0
It Begins Tomorrow: 49ers Camp Is HERE,4320.0,1,6,1495.0,3.0
Can 49ers Brock Purdy Beat The Seahawks AGAIN? | Krueger & Bruce,5747.0,5,10,1492.0,1.0
"Warriors Up, 49ers Got Better, Damon Is Back!",4914.0,1,3,1490.0,2.0
"UPDATE: Robert Saleh Is BACK And All 49ers NEWS - Brandon Aiyuk, Jake Moody, Coordinator Interviews",4586.0,5,4,1489.0,0.0
The 49ers’ Biggest Rival Isn’t a Team… It’s Injuries,2997.0,2,7,1479.0,2.0
Injuries Are Piling Up for NFL Quarterbacks Early,4281.0,1,8,1451.0,0.0
"Another Pre-season 49ers Injury? Sure, why not?",5545.0,5,7,1450.0,-1.0
49ers Have New Name To Consider Before NFL Draft Begins,7254.0,3,3,1449.0,3.0
PREVIEW: 49ers vs Dolphins - Who Will Win? | Krueger & Bruce,5964.0,5,11,1448.0,0.0
Could Joey Bosa Join Nick Bosa with the 49ers - Huge NFL News To Discuss,5149.0,3,2,1438.0,5.0
Deebo Samuel's Time w/ 49ers Will End Soon,3122.0,5,1,1413.0,6.0
Shanahan & York Speak at Owners Meeting - Lund joins Damon,4817.0,1,3,1411.0,-2.0
CRAZY: Trent Baalke's Firing Helps The 49ers Secure Robert Saleh,4295.0,4,0,1409.0,0.0
Warriors Recap Live From Chase Center,1126.0,3,3,1402.0,5.0
Brock Purdy's Next Step: MVP Run or Letdown?,3429.0,3,6,1398.0,1.0
49ers Escape Seattle Win An Ugly Win,3309.0,1,8,1396.0,4.0
Should The 49ers Bolster Their DL And Trade For Trey Hendrickson?,5857.0,1,3,1388.0,0.0
Robert Saleh Is Close To 49ers Return,3150.0,5,0,1383.0,1.0
49ers Beat Bears In Best Performance of 2024,3288.0,1,11,1381.0,4.0
The 49ers Got Smacked by Reality in Houston,3025.0,1,9,1368.0,2.0
Gambling Nightmare Hits NBA. Who's Next?,3452.0,4,9,1368.0,0.0
49ers Fans Get the Mic — CALL IN Tonight!,2331.0,4,8,1356.0,6.0
Curry & Warriors Outshoot Klay's Return,3375.0,3,10,1348.0,1.0
49ers’ Year 2 Players: The Hidden X-Factor? Damon & Lund,4994.0,3,6,1346.0,0.0
49ers Mid Round / Mid Life Success Makes or Breaks You,5104.0,1,2,1341.0,4.0
Warriors Need 2-0 Finish To Avoid Play In Tournament,2041.0,5,3,1319.0,5.0
49ers Center Situation Could Derail Everything,2895.0,3,7,1315.0,1.0
Myles Garrett Demands Trade From Browns - Should The 49ers Make A Move?,6549.0,1,1,1296.0,-1.0
What Is The 49ers Best Option At QB Next Season? | Krueger & Bruce,3457.0,3,11,1289.0,-1.0
NFL Becomes America's Complaint Department,5940.0,4,2,1285.0,1.0
"Curry, Jimmy, Dray BIG win in Memphis - Dubs Weekly w/ Damon & Cyrus",6309.0,3,3,1285.0,1.0
"49ers Training Camp OFFICIALLY BEGINS! - Biggest Story Lines, Breakout Candidates + NFL News...",3161.0,1,6,1283.0,2.0
BREAKING: The 49ers Sign CB Tre Brown – Why He Came To The 49ers...,6350.0,2,2,1281.0,2.0
How Are The 49ers ELITE on 3rd Down?,2052.0,3,9,1270.0,1.0
49ers Camp Rules:: Thou Shalt Not Screw This Up!,2610.0,5,6,1266.0,0.0
"49ers Re-Activate ""Survival Mode"" As They Head To NY",5566.0,5,10,1256.0,-1.0
Warriors Fall Into Play In Problems,2972.0,1,3,1255.0,4.0
Warriors Weekly - NBA Trade Deadline w/ Mark Medina,3767.0,3,1,1254.0,4.0
State of Bay Area Sports - Tim Kawakami joins Damon,3173.0,5,2,1245.0,3.0
Breaking Down ESPN’s Bold RedZone Takeover,7296.0,3,7,1244.0,0.0
49ers SLEEPER Wide Receiver Who Could Unlock Brock Purdy’s Full Potential,5972.0,5,3,1241.0,2.0
Will Brock Purdy Play at Lambeau on Sunday?,3431.0,5,10,1238.0,2.0
49ers Update: Brandon Aiyuk Injury News and Timeline - Should SF Draft A Replacement?,5684.0,5,2,1232.0,1.0
"LeBron Gets Luka, Steph Gets Nada",2584.0,1,1,1208.0,0.0
UPDATE: Bosa Family Teases Nick & Joey Bosa Teaming Up on the 49ers...,6262.0,1,1,1202.0,0.0
Filling The 49ers 11 Needs - How Lynch Can Upgrade Positions In The Draft?,6474.0,1,3,1201.0,1.0
Chiefs Back In The Super Bowl,3194.0,1,0,1197.0,2.0
UPDATE: The 49ers are FIVE Days Away From The Start Of Training Camp Practices! | Krueger & Bruce,4512.0,5,6,1197.0,0.0
49ers Stress Test In New Orleans,3074.0,5,8,1195.0,2.0
Aaron Rodgers Is Back In Our Football Lives? Great. Sammy joins Damon,5021.0,5,5,1187.0,-1.0
Should The 49ers Be Confident In Brock Purdy After The NFL Playoffs?,6090.0,3,1,1186.0,0.0
49ers Defensive Puzzle: Can Saleh & Lynch Fix the Secondary? | Krueger & Bruce,4607.0,1,6,1179.0,2.0
49ers Sending the JV Team To Los Angeles,3790.0,3,9,1178.0,0.0
UPDATE: 49ers Bryce Huff Is NOT on ESPN's Top 50 Moves 🤯 FULL NFL Offseason Review,4552.0,3,6,1175.0,1.0
Elite Backfields = Super Bowl Contenders,4638.0,4,8,1166.0,1.0
"LIVE 49ers Free Agency: Dre Greenlaw, Banks, And Ward Gone? – Who Will Come To SF?",6349.0,1,2,1164.0,1.0
Brock vs. Baker / 49ers vs. Buccaneers,2038.0,5,10,1159.0,2.0
Steph Curry Falls As Warriors Win - Sam & Andy (Light Years Pod) join Damon,3327.0,5,2,1146.0,3.0
"49ers Win A Game, Lose A Player (Again)",3032.0,1,10,1138.0,0.0
Draymond Green Calls Out the League — Again,1441.0,2,6,1134.0,0.0
49ers Season Hinges On Two Men,4372.0,1,3,1125.0,0.0
Jimmy Butler & Luka Dončić Revive NBA's Most Important Franchises,2822.0,2,1,1125.0,0.0
"49ers Big Decision: Should They Part Ways With Samuel, Greenlaw, & Hufanga?",5467.0,5,1,1120.0,1.0
QB VIBES CHECK: Who’s Got It? Damon & Sammy,6392.0,4,6,1118.0,-1.0
49ers Free Agency Wish List Will Be Hard To Fill,3334.0,2,1,1116.0,1.0
The NFL’s Richest QB History — Who Owns the Throne?,5590.0,4,7,1110.0,0.0
The 49ers’ Biggest Questions Heading Into the NFL Combine | Krueger & Bruce,6281.0,1,1,1107.0,4.0
"The NBA, Curry, and Nick Friedell ARE ALL BACK! 10 Burning Questions",2398.0,3,9,1104.0,2.0
Warriors Weekly - Buttler & Curry Fit Well w/ Damon & Cyrus,4141.0,3,1,1095.0,3.0
Warriors & Curry Need This Tonight!,2942.0,5,4,1094.0,2.0
Can Christian McCaffrey Still Dominate?,3225.0,1,6,1082.0,1.0
49ers DO NOT Draft This Player at Pick 11 – John Lynch Draft Strategy Breakdown,5874.0,1,2,1079.0,1.0
Could The 49ers Draft Ashton Jeanty Or Another TOP RB Early In The NFL Draft?,4905.0,5,3,1077.0,0.0
49ers Bring New Blood To New York on Sunday,3669.0,5,10,1075.0,2.0
ONE MAN OFFENSE,3446.0,2,9,1073.0,1.0
Week 8: The NFL Starts Separating the Men from the Boys,5374.0,5,9,1071.0,1.0
49ers Extend George Kittle w/ Huge Deal,3224.0,2,3,1068.0,1.0
UPDATE: Insider Believes Brandon Aiyuk Be Ready By Week 1 - What It Means For Brock Purdy & SF...,5675.0,5,6,1064.0,2.0
49ers Rookies Report - Damon’s in Santa Clara,1070.0,3,4,1061.0,3.0
"Latest 49ers Combine News: Top Prospects, Workout Warriors, & Dre Greenlaw...",5727.0,5,2,1057.0,1.0
Should The 49ers Trade For Terry McLaurin? Late Offseason Move For SF | Krueger & Bruce,4182.0,3,7,1053.0,-1.0
Instant Reaction: Warriors vs Timberwolves Game 2 - Postgame Show LIVE,7224.0,4,4,1051.0,0.0
Debate: Would Signing Joey Bosa Be The Right Move For The 49ers? | Krueger & Bruce,5344.0,5,2,1046.0,0.0
Stephen Curry Reigns Over MSG,6325.0,3,2,1046.0,4.0
Why A 49ers Victory Over Buccaneers Is VITAL! | Krueger & Bruce,5167.0,5,10,1045.0,0.0
HUGE Headlines: What Everyone’s Talking About!,3649.0,3,5,1044.0,4.0
49ers vs. Saints / First Look w/ Damon & Hold The Mayo,1668.0,5,8,1022.0,2.0
NFL Divisional Round Preview: From Eagles vs Rams to Bills vs Ravens,5569.0,5,0,1015.0,0.0
#1 Take Away From Postseason Play,3855.0,2,0,1006.0,1.0
Warriors Still Run NBA Interest,3482.0,5,7,1003.0,1.0
Alpha Dogs Set The Tone - Who Barks The Loudest From The Bay?,3390.0,3,9,986.0,-1.0
Lakers Sell for RECORD $10 Billion – Who’s Next?,5376.0,4,5,976.0,1.0
49ers Gotta Execute - Emotional Sports Week For The Bay,3739.0,5,10,975.0,0.0
49ers Dance Around the Margins,5781.0,1,2,965.0,1.0
49ers Add Fifth Rounder To Upcoming Draft,2809.0,0,2,963.0,1.0
Trouble In (Sports) Paradise - Damon & Sammy,5624.0,5,4,960.0,1.0
An Amazing Moment In Time - RIP Rocco,1931.0,5,4,957.0,-1.0
Bay Area Sports Are Stuck In The Middle,2574.0,4,0,951.0,1.0
49ers Preseason: 5 Things Every Fan Needs to See,2502.0,5,7,937.0,1.0
Golden State Tailbone Tailspin - Warriors Weekly w/ Damon & Cyrus,6839.0,3,2,936.0,2.0
"Trenches, Benches, Pushes & Pain - NFL News w/ Damon & Sammy",5536.0,4,3,929.0,-1.0
Andre Iguodala Was A Better Warrior Than He Was A Player,3518.0,1,1,905.0,0.0
McCaffrey Ready To Roll in Tampa - Damon joins Brad Graham,3697.0,4,10,898.0,4.0
Warriors Welcome Dennis Schröder,3284.0,3,11,879.0,0.0
The NFL Crazy To Allow Flag Football,3297.0,3,4,869.0,0.0
NFL's Divisional Round Should Be Great,2431.0,1,0,841.0,3.0
Steph Curry Beats Suns - 3 Games Left - Warriors Weekly w/ Damon & Cyrus,5992.0,3,3,833.0,-1.0
The Super Bowl We Deserve - Fortenbaugh & Sammy join Damon,5680.0,4,1,829.0,0.0
Warriors Free Agency Plan—Boom or Bust?,3674.0,1,6,823.0,2.0
"New NFL Rules - Good Ideas, Bad Ideas",5141.0,4,2,820.0,1.0
HISTORY MADE! Giants’ INSANE Walk-Off Win,2585.0,3,6,819.0,0.0
49ers PRESSURE: It's Ricky Pearsall's Turn To STEP UP - Who Has The Most Pressure In 2025?,3733.0,2,6,790.0,0.0
49ers Perfect Free Agency Plan To Get Back To The Super Bowl...  | Krueger & Bruce,4796.0,3,1,777.0,0.0
What Actually Gets Fans to Watch? Damon & Sammy,3393.0,4,5,768.0,1.0
"Worst Time Of Sports Year Is Over, WE MADE IT!",6310.0,5,1,760.0,2.0
What's An Icon Worth? Caitlin Clark? LeBon? Steph?,4307.0,2,1,745.0,0.0
Warriors Talk with Damon & Cyrus,3318.0,3,10,736.0,2.0
49ers / Warriors / Giants / White Lotus in Review,3186.0,1,3,731.0,-1.0
"Brock & Haliburton - ""Underrated"" Is The Brand",3752.0,1,5,708.0,0.0
Warriors Wednesday - Jimmy Butler Rumors Gotta Stop,3093.0,3,11,696.0,-2.0
Warriors Weekly - Zion Is An Option,3144.0,3,0,675.0,3.0
NFL Insider Squabble-Up! Who Wins?,4182.0,4,1,661.0,0.0
Warriors Weekly Recap w/ Damon & Cyrus,3656.0,5,0,644.0,1.0
Warriors Wednesday - Damon & Cyrus Talk Golden State,4092.0,3,10,641.0,0.0
Warriors Weekly - Sprint To The Finish Line Starts Now.,3769.0,3,1,577.0,0.0
Warriors Weekly - Golden State Reaches Tipping Point,2985.0,3,0,546.0,2.0
Warriors Weekly - Worst Home Loss Of Kerr Era,3070.0,3,0,507.0,1.0
Mahomes' Biggest Moment (Yet),2317.0,5,1,495.0,0.0
State Of SF Giants - Damon join Glen Kuiper,2727.0,3,4,494.0,-1.0
Sons of Athletes Are Good Bets,3210.0,2,2,486.0,1.0
PREVIEW: Eagles vs. Chiefs in Super Bowl 59 – Who’s Taking Home the Lombardi?,5356.0,5,1,470.0,0.0
The Bay & The Beam: Kings-Warriors Pregame Show with Ryno & Damon Bruce,2794.0,3,0,311.0,0.0
